iter	Logloss
0	0.4390560913
1	0.2861472168
