iter	Logloss
0	0.430156311
1	0.2791572571
